cgpa,internships,projects_count,github_activity_score,leetcode_rating,codechef_rating,coding_score,aptitude_score,communication_score,attendance_percentage,certifications_count,project_impact_score,certification_impact_score,placement_score
6.87,2,1,66,1081,1811,94,82,77,84,1,44,75,79.46
9.75,3,5,32,1202,1086,94,76,74,63,1,77,87,82.57
8.66,1,3,57,1932,1244,61,87,73,69,5,73,72,77.71
7.99,3,4,31,1499,1123,60,46,67,69,0,65,70,63.97
5.78,3,4,26,998,1729,65,98,41,83,5,40,45,60.8
5.78,2,1,78,2126,1387,79,44,69,80,2,43,49,68.83
5.29,3,0,20,1126,1776,60,50,52,70,1,78,55,59.48
9.33,2,3,24,953,1748,64,54,80,86,3,93,43,67.15
8.01,0,4,44,1351,1878,80,42,55,75,4,65,61,66.55
8.54,0,1,42,1204,1916,40,97,98,85,4,72,52,71.39
5.1,2,4,93,1261,1087,45,44,44,89,5,72,55,60.2
9.85,0,3,25,931,1169,62,62,94,75,5,47,68,60.93
9.16,1,3,43,1590,1209,90,92,67,66,3,59,45,73.16
6.06,3,2,75,1673,2055,62,76,92,75,1,55,65,76.35
5.91,1,5,49,883,1995,82,48,78,94,0,60,50,62.92
5.92,3,5,37,1553,1744,82,54,84,75,2,84,63,71.37
6.52,0,1,56,1427,1385,62,42,59,99,4,94,68,65.67
7.62,1,3,48,1932,1019,71,68,63,71,2,65,42,69.23
7.16,0,2,79,1020,1119,69,45,66,94,0,62,49,67.86
6.46,3,2,82,1352,952,52,56,69,80,5,57,40,58.85
8.06,2,4,29,2191,1657,82,65,97,95,4,70,82,76.42
5.7,2,4,10,1970,1637,57,60,84,76,2,91,65,57.82
6.46,1,2,81,911,1619,62,47,66,91,5,81,51,66.62
6.83,0,4,96,1414,1305,54,60,65,65,0,51,53,66.46
7.28,0,3,72,1723,1507,72,96,46,83,2,40,64,76.06
8.93,1,0,76,1274,1920,60,50,81,86,1,81,47,75.0
6.0,2,3,13,1635,1321,96,77,86,79,5,48,82,65.16
7.57,3,2,67,1070,1611,78,47,92,84,0,42,43,66.6
7.96,1,2,34,1220,1146,62,81,98,61,2,90,67,74.62
5.23,3,3,56,1506,971,66,63,77,68,1,65,46,60.75
8.04,2,4,47,2190,1084,84,74,44,87,1,48,49,72.47
5.85,0,4,24,2103,905,83,94,62,97,0,81,75,68.5
5.33,2,5,72,2106,1805,57,53,67,62,3,90,41,65.19
9.74,1,2,30,839,1286,63,94,73,79,4,55,65,67.66
9.83,0,1,66,988,1598,90,53,92,65,0,63,89,76.13
9.04,1,5,62,1987,1999,86,49,54,98,1,89,53,72.78
6.52,1,4,55,1793,1726,79,51,71,92,1,53,55,66.48
5.49,2,3,23,1335,1248,90,77,65,60,0,42,82,63.84
8.42,1,4,85,1827,1207,81,83,87,96,3,73,81,84.83
7.2,2,3,26,1089,2050,46,94,70,65,4,72,56,63.82
5.61,0,5,48,1232,1186,89,85,58,93,2,89,85,81.29
7.48,2,2,18,1270,1665,87,73,48,74,0,63,61,67.69
5.17,0,4,86,2004,1624,59,80,68,85,4,48,43,61.07
9.55,2,3,88,2071,1661,66,49,93,73,4,52,58,73.75
6.29,3,2,91,1427,1282,45,97,97,66,5,41,41,66.95
8.31,3,1,15,1078,1287,66,56,90,90,1,46,78,61.79
6.56,1,3,32,1676,1424,48,56,78,83,2,87,48,57.88
7.6,2,5,68,1380,1538,92,42,43,90,0,60,58,71.61
7.73,2,1,55,1662,1837,84,70,42,88,1,58,55,71.68
5.92,0,1,47,1053,1175,96,90,95,91,5,64,64,77.08
9.85,1,0,23,980,1399,70,40,68,76,5,86,87,68.66
8.88,2,4,81,1480,1616,60,51,91,73,1,61,57,72.35
9.7,1,3,71,1624,1236,65,78,50,99,3,50,62,78.05
9.47,3,1,44,1499,1831,79,43,72,95,4,72,60,75.19
7.99,2,0,28,1365,1380,87,81,77,83,0,71,50,68.9
9.61,2,5,39,2149,1810,84,52,97,86,0,60,78,75.49
5.44,1,2,87,2180,1981,52,73,50,84,0,78,80,69.01
5.98,2,3,93,1479,1008,88,81,66,91,1,59,43,74.27
5.23,1,1,34,1190,1227,62,60,72,77,3,47,64,59.44
6.63,2,4,49,1908,1214,59,61,60,77,2,81,71,72.9
6.94,0,0,97,2140,2034,76,96,78,96,5,76,69,79.32
6.36,1,1,23,1011,1598,93,43,70,85,1,48,84,66.5
9.14,2,4,35,1183,1680,92,57,77,68,2,64,65,74.8
6.78,3,1,96,1141,1055,67,44,85,94,5,64,75,72.22
6.4,2,3,31,1643,1786,56,58,41,67,5,72,73,61.21
7.71,3,3,57,1861,1925,67,41,66,79,3,41,48,59.03
5.7,3,3,92,1219,1657,80,51,75,81,4,58,51,73.02
9.01,0,5,60,1550,1621,41,56,50,78,0,85,41,62.56
5.37,1,5,12,1992,1812,64,49,86,89,2,59,77,56.95
9.93,2,0,51,2166,1770,97,73,57,87,1,81,44,83.74
8.86,0,3,28,1105,912,89,45,98,94,2,80,44,64.1
5.99,2,4,82,1501,1507,80,47,40,70,4,81,61,68.28
5.03,3,1,37,1668,1397,45,90,74,90,0,68,44,63.2
9.08,1,2,93,1336,1137,50,50,74,98,2,45,43,67.67
8.53,2,4,54,1935,2017,96,96,70,95,4,56,48,77.58
8.65,2,5,80,1005,1680,77,51,67,89,1,64,68,76.3
8.86,3,5,87,2008,2094,45,48,78,82,3,77,61,77.83
5.37,2,4,72,1295,1505,84,41,40,78,5,43,66,67.46
6.79,2,5,82,1870,1560,50,47,64,71,1,69,49,63.55
5.58,3,3,28,1303,1748,53,97,82,74,0,59,55,58.64
9.32,0,0,56,1845,1835,41,50,77,90,5,42,81,67.68
8.12,3,1,23,1012,1527,79,99,59,96,1,62,81,74.24
6.65,0,0,47,1109,1042,42,92,42,96,1,90,49,58.72
5.32,1,1,62,1460,1613,94,75,90,74,1,57,45,67.47
6.55,0,1,70,1552,1378,92,49,41,88,1,65,88,72.78
6.63,0,0,45,1071,1464,74,60,57,85,5,75,44,64.45
8.65,1,4,49,1737,1370,72,59,83,61,0,47,45,67.52
8.19,0,1,90,2025,1283,63,87,49,79,4,56,86,73.17
9.44,3,0,39,831,1825,58,47,44,74,2,70,64,67.07
7.36,0,1,18,1242,1316,57,75,48,63,3,76,89,61.98
5.6,1,2,73,961,1207,88,68,41,81,2,84,43,66.84
8.57,3,4,42,1566,1548,91,81,73,97,2,72,79,79.79
8.8,1,3,61,1053,1924,63,51,99,82,3,66,87,74.12
7.81,1,1,98,1320,1967,84,53,77,85,5,84,71,85.45
8.85,2,2,23,1776,1638,74,87,70,70,0,43,74,67.25
7.47,2,3,84,809,2021,40,93,49,87,3,61,49,68.71
7.61,1,3,62,1525,1039,75,89,89,61,0,65,73,70.84
7.14,1,1,68,1304,1873,64,60,51,67,5,71,75,70.01
5.13,1,0,87,1584,1916,84,61,75,88,2,63,45,72.8
5.54,2,1,50,1235,1852,88,60,93,70,0,85,82,76.6
5.16,2,2,77,1934,1803,99,83,60,96,5,74,85,82.71
8.18,0,3,77,952,971,82,89,88,77,5,76,55,80.77
6.57,0,1,17,1716,1006,73,69,86,73,4,71,58,62.05
7.54,1,0,11,1668,1965,64,78,45,69,3,46,73,63.03
9.54,3,1,95,1925,1782,55,59,87,94,4,72,64,86.3
6.25,3,4,50,1552,1038,73,63,88,68,2,70,70,68.08
7.05,2,0,64,2014,1514,68,62,42,94,3,94,88,80.7
8.78,2,2,25,1362,1762,58,46,49,70,2,51,80,65.49
6.14,2,3,71,1904,1172,62,48,44,71,4,50,56,61.78
5.38,1,1,57,1288,1315,58,40,85,62,5,63,86,62.37
6.45,3,0,39,1694,1405,64,65,65,98,2,47,69,63.3
5.81,0,4,21,1911,1632,55,77,60,73,3,71,78,64.47
9.65,1,0,44,2017,1323,93,77,84,87,3,77,70,83.34
9.04,0,5,20,903,1289,90,93,65,70,2,61,58,69.54
8.17,0,4,73,1919,1241,48,83,77,98,3,73,74,67.46
9.36,1,2,59,2021,1845,40,61,83,84,5,58,68,71.57
9.02,0,3,94,1824,1513,81,83,65,80,5,91,40,78.42
5.93,3,2,30,1806,1392,58,49,47,69,3,59,43,52.16
9.46,0,1,78,1206,1091,72,94,44,74,2,53,67,74.66
7.7,3,0,57,966,1398,73,97,54,78,4,72,57,70.04
9.04,3,5,29,1308,1721,55,45,98,81,3,49,65,65.19
9.48,3,4,76,1112,1126,83,56,55,80,3,55,79,76.55
6.59,2,4,53,1562,1038,79,90,40,91,3,43,58,68.74
5.55,0,0,42,1480,1755,94,89,55,82,3,66,45,63.9
6.14,1,5,82,1276,1716,57,77,76,72,2,67,40,66.03
7.14,1,0,70,872,2072,73,63,42,64,4,82,47,71.18
9.09,0,1,18,1964,2038,64,90,91,63,4,55,72,70.81
9.3,2,2,77,1381,1986,84,49,86,87,0,91,82,87.82
5.03,2,4,44,1061,1003,45,95,70,73,3,72,60,57.84
7.55,3,1,90,2163,1770,60,47,52,67,3,87,63,75.21
7.09,0,2,97,2131,1567,97,60,95,68,0,58,64,82.9
6.11,0,1,74,1044,1172,45,95,55,94,4,60,86,60.01
5.6,1,5,17,2160,1929,71,45,94,96,1,61,82,64.33
6.69,0,4,54,1360,2070,80,60,82,80,5,48,58,69.73
9.71,2,0,96,1899,1083,87,96,60,77,1,48,68,80.78
6.62,0,0,56,974,1951,82,78,41,92,4,48,49,64.89
7.59,1,2,49,908,2042,78,63,93,67,3,66,51,74.96
8.52,3,3,85,982,1192,70,72,66,76,1,56,72,77.72
6.82,1,5,63,991,1076,81,98,77,90,2,83,46,75.96
9.86,1,2,85,864,957,49,57,65,93,2,84,56,76.53
9.81,3,3,55,1762,1207,69,95,97,65,0,47,49,80.82
6.26,1,1,56,1923,1876,96,67,98,81,4,55,70,75.12
7.49,1,5,24,1663,2028,91,96,77,73,4,57,45,69.94
6.5,0,1,28,1951,1599,57,91,85,62,1,72,56,68.42
6.42,0,4,35,1168,982,99,71,64,71,3,40,89,66.83
5.18,3,5,61,1650,1151,63,51,50,95,4,51,76,59.28
8.05,0,3,31,842,1695,91,87,47,71,1,45,57,65.9
7.51,0,4,30,1287,1796,48,81,47,61,1,80,65,65.17
5.26,1,0,60,877,1109,70,66,72,61,5,94,88,69.74
6.39,2,3,47,1625,1715,54,49,92,74,5,44,55,58.79
9.54,0,2,29,2093,1508,43,85,46,82,4,55,47,59.9
6.2,2,0,38,1473,1346,79,96,77,88,1,57,63,73.14
5.72,0,0,60,1500,1359,48,91,60,76,0,88,52,65.23
7.45,0,2,13,1558,1867,84,81,47,91,0,57,68,64.17
9.93,3,5,64,1527,1371,48,71,90,66,5,40,71,69.24
6.21,3,0,80,2138,1269,65,81,93,89,4,58,63,75.89
8.36,3,3,37,1724,1799,43,65,60,87,3,93,55,70.09
8.81,2,4,13,1701,1822,56,64,95,73,0,47,50,60.51
6.19,1,0,31,1688,1036,55,50,59,89,0,42,71,55.42
8.64,0,3,85,1792,1266,54,62,47,76,5,64,45,70.43
6.84,0,1,54,1991,1811,74,73,97,91,5,44,74,68.22
8.16,0,3,76,1138,1083,96,96,85,65,4,94,72,81.89
8.17,2,4,95,992,1371,91,91,70,83,5,79,57,86.21
7.68,3,3,75,1082,1553,44,79,89,65,2,58,76,68.88
5.45,1,2,97,2159,1648,94,62,96,86,1,57,52,78.44
9.18,2,4,43,1189,1436,44,68,68,77,0,89,49,69.27
6.6,3,5,64,1799,1701,59,70,87,83,2,92,76,76.02
5.93,2,1,10,1324,1819,54,46,48,96,3,70,65,54.17
5.2,1,2,81,2063,1409,57,79,54,83,2,72,85,69.39
7.95,3,5,96,1458,1529,86,72,69,97,4,86,56,80.71
8.39,2,3,47,1515,1901,41,60,65,93,3,57,40,59.82
5.08,1,4,15,1690,1996,68,41,49,99,3,78,64,60.24
7.56,0,1,95,1912,1815,52,57,68,74,5,55,73,76.07
6.13,1,2,34,1918,1933,43,86,93,70,2,55,78,67.22
8.23,0,5,91,1251,1051,81,72,55,81,4,86,49,79.1
5.87,2,5,26,1227,1928,84,76,75,83,0,77,59,72.74
8.45,3,1,70,1974,1363,49,73,59,60,5,80,46,71.3
6.93,3,3,21,2199,2036,70,59,84,77,2,46,55,59.61
9.68,2,1,15,1845,1170,80,74,93,71,0,53,76,78.0
5.69,3,5,99,1682,2086,47,90,76,87,2,82,68,78.16
6.71,3,0,36,1112,1359,42,89,61,99,5,92,51,59.91
5.57,0,2,17,1639,1004,87,93,46,66,0,87,56,71.3
9.62,2,1,92,1318,1061,85,57,62,82,5,64,87,80.67
9.39,1,5,74,2029,1250,48,85,80,80,2,71,59,74.01
6.29,0,3,66,1174,1333,69,63,79,93,3,77,65,72.66
8.3,2,5,49,1250,1751,92,47,68,70,1,61,87,79.39
9.09,0,3,23,1814,1039,50,69,55,81,3,55,58,58.03
7.78,1,1,44,1394,2055,74,83,77,94,5,91,86,83.17
7.65,1,3,57,2002,986,76,92,67,88,5,68,51,76.0
6.21,2,4,93,2033,1082,81,49,87,87,5,55,60,70.9
5.47,1,4,65,1299,1267,52,62,77,77,0,51,81,61.78
9.49,0,4,58,1263,1028,75,91,70,73,4,56,73,80.11
9.5,1,0,22,1947,1569,95,88,53,77,5,76,46,71.6
8.17,0,1,70,912,1048,52,50,92,87,3,66,84,73.2
6.7,0,5,58,1835,1884,51,41,72,83,1,64,74,66.98
6.75,1,5,55,1949,1751,76,97,96,67,5,52,54,74.08
8.63,2,0,71,1130,1527,49,65,48,67,5,47,40,64.37
9.49,3,3,17,2106,1345,99,75,96,63,5,44,65,81.04
9.44,1,0,52,939,1783,95,72,66,86,0,51,74,83.53
8.9,0,3,29,1701,1193,48,86,63,95,5,80,64,65.84
8.21,0,3,99,1920,2066,91,52,52,64,3,42,81,81.48
5.42,1,2,48,1316,1149,46,79,65,92,2,74,54,65.94
5.81,2,5,94,1368,1777,41,64,68,93,4,72,61,65.55
9.49,2,4,58,1645,1847,93,43,90,89,5,61,45,77.44
8.03,0,3,73,1892,1874,95,81,88,67,0,89,54,87.8
5.05,0,2,71,917,1948,99,58,82,98,3,83,63,68.89
5.51,2,5,63,1687,1688,62,57,67,85,5,48,60,65.36
8.32,3,4,18,1882,1883,78,76,67,96,0,80,46,68.25
5.03,1,3,97,1856,1788,79,69,47,93,2,57,68,73.37
5.8,0,3,46,2141,1789,78,58,62,66,1,89,71,74.74
7.74,0,0,58,849,969,60,97,68,99,5,68,71,63.05
8.46,2,0,50,818,1524,62,62,44,87,3,78,44,69.36
8.26,1,5,26,1525,1774,68,98,81,98,0,66,43,75.28
6.12,2,4,97,996,2035,53,93,46,98,0,75,61,71.8
8.56,1,3,30,1358,1370,65,55,81,87,5,84,57,70.16
6.19,1,5,60,1251,990,90,40,75,73,0,56,74,71.92
6.63,1,5,68,1088,1429,44,51,80,97,1,73,56,58.67
8.73,0,1,48,1964,1560,94,63,66,63,0,85,89,84.03
8.25,3,0,64,1907,1638,70,73,97,77,4,42,89,79.11
9.25,2,4,50,1190,1625,64,92,85,84,4,44,63,73.7
8.29,3,3,48,1014,1771,70,96,41,66,0,53,41,68.81
7.84,2,5,22,1014,1091,89,47,64,97,5,42,52,58.39
5.47,1,3,73,927,1037,59,57,48,87,4,62,54,65.09
6.84,0,1,20,1559,1244,83,96,92,64,3,78,44,69.29
6.33,3,4,28,1203,1908,94,87,66,62,4,69,42,67.22
6.22,0,5,20,1852,1402,56,44,40,90,0,89,76,59.54
9.87,2,3,86,1137,1102,84,65,62,79,5,84,76,85.82
6.97,0,0,55,1630,1472,41,69,49,78,2,62,76,58.16
9.46,0,1,54,1513,1091,64,93,81,70,5,66,42,72.53
8.16,3,4,10,1160,904,52,52,91,99,5,93,74,63.7
8.97,1,1,49,1368,1210,97,58,64,62,5,49,62,76.9
7.51,0,0,28,1017,1448,78,68,93,82,3,64,67,61.88
7.88,1,4,85,1001,955,67,42,42,66,1,52,69,70.14
7.46,2,1,81,816,1342,81,65,45,82,0,55,57,75.54
5.98,0,2,81,1121,1769,94,79,97,66,1,80,75,75.43
8.61,3,0,70,1317,1484,45,98,45,93,2,73,72,68.87
6.4,2,0,21,2148,1651,42,97,92,78,1,94,65,73.21
5.12,2,0,70,2141,1259,97,97,41,68,0,76,87,77.08
8.23,3,2,42,1480,1718,74,51,97,77,0,61,79,81.74
5.89,0,2,54,1905,929,57,41,97,84,2,56,56,54.48
9.7,0,3,99,1224,1007,50,50,57,73,0,62,79,74.27
9.77,2,5,78,2027,1743,93,83,62,84,2,93,46,88.26
9.57,0,1,17,1818,1616,59,67,41,78,2,75,47,64.43
6.85,1,3,34,1186,1790,44,57,51,98,0,88,70,63.89
5.08,3,1,55,1577,1859,58,52,61,74,4,48,51,60.49
9.64,1,5,96,897,1792,61,76,76,75,2,91,87,85.01
7.14,0,2,39,2168,1631,98,61,59,86,0,41,70,66.49
9.83,2,5,56,1007,1505,99,51,78,99,4,71,83,84.98
9.82,3,2,96,1385,1356,58,41,63,69,2,89,58,80.91
9.27,0,5,58,965,1514,86,76,87,63,4,92,49,80.39
6.47,0,3,56,821,1597,55,46,59,78,3,61,78,63.47
6.93,2,4,93,953,1573,63,65,40,87,5,82,51,74.67
9.26,2,3,91,2118,1442,80,65,40,80,3,52,59,76.2
6.58,1,1,27,1018,1756,43,63,56,73,4,47,76,57.29
5.85,3,3,75,1468,1796,54,51,98,92,2,40,87,64.82
7.78,3,0,77,1029,1177,64,55,40,69,0,56,80,72.13
9.68,2,1,42,819,1451,83,62,92,78,1,51,46,70.27
8.48,1,5,45,1352,1010,94,79,91,89,0,43,53,73.77
7.85,3,1,91,1749,1284,74,99,84,81,1,92,50,83.31
5.49,2,4,28,947,1660,94,48,69,62,1,52,46,62.84
8.08,0,2,37,1931,1593,53,71,80,96,2,70,68,64.82
9.95,3,5,49,1202,1304,88,54,86,77,4,80,49,78.07
5.7,1,1,93,1395,921,58,76,42,70,0,46,68,68.42
7.59,1,5,85,1166,1577,77,52,85,61,4,62,48,74.27
9.39,1,5,24,2132,1510,75,44,94,71,3,63,75,71.79
8.7,0,5,50,1601,907,46,50,50,65,2,44,87,67.33
8.49,3,2,48,1717,1601,69,49,63,99,2,44,49,68.74
8.51,3,3,11,1957,1428,58,91,61,88,3,56,58,67.46
6.8,0,5,72,2106,1501,88,52,83,89,0,69,70,77.89
6.47,3,0,38,872,1556,64,80,84,61,5,48,56,65.14
9.05,0,4,83,1280,1065,55,92,65,68,3,45,48,75.21
9.05,0,2,75,2175,1748,86,85,52,61,0,64,84,82.24
9.34,0,1,60,1359,1395,93,89,40,88,1,58,72,81.62
9.57,1,2,84,2149,1489,79,54,63,92,2,55,73,80.49
7.56,3,1,86,1544,1328,90,81,49,69,0,60,84,80.06
7.51,0,2,19,899,1673,47,95,74,93,4,41,63,57.76
8.99,3,1,23,1882,1062,57,46,63,67,4,49,48,60.78
8.25,1,5,91,1307,1265,67,79,67,96,2,55,46,70.71
8.51,0,3,60,1057,971,55,67,75,92,3,76,55,71.02
8.98,2,1,82,1212,1554,91,71,55,65,5,54,58,78.43
9.45,1,1,48,1888,1168,58,74,79,99,3,52,78,71.52
6.69,2,0,37,1394,1314,81,54,55,78,0,52,45,66.07
6.88,3,1,12,1977,1915,56,87,98,91,3,71,89,69.58
5.47,3,0,93,1065,1574,84,75,56,86,2,84,50,81.03
7.89,1,4,79,1620,1983,52,60,90,60,0,86,51,72.66
5.18,3,5,36,1902,905,46,45,93,92,1,85,81,58.78
7.33,2,0,11,2138,1881,66,40,54,99,3,47,52,56.63
7.71,0,3,47,1461,1469,49,43,55,91,3,82,51,54.14
6.43,0,5,12,1746,1306,73,50,54,64,5,57,60,60.33
7.95,0,0,25,1359,925,75,83,96,76,0,75,49,65.35
5.15,1,5,49,1716,1928,64,65,73,67,4,65,59,62.18
5.19,3,5,11,1690,1885,45,76,50,93,3,49,89,58.18
9.11,2,5,90,2071,1289,63,62,40,68,2,70,75,78.6
6.8,3,4,50,1667,1609,57,68,54,82,3,72,67,66.23
5.64,3,3,21,1409,1470,62,60,65,94,5,68,63,53.73
7.61,3,2,44,1213,1653,45,87,90,66,1,44,44,66.15
8.85,0,2,74,824,1045,68,84,43,74,5,52,76,74.26
6.08,2,0,64,1083,1684,64,84,82,79,3,40,51,70.86
8.11,2,5,54,1680,1425,94,88,44,84,4,62,74,76.24
5.43,3,0,88,1100,912,56,66,74,62,3,79,79,66.47
5.26,0,4,99,1891,1802,85,78,52,83,0,42,41,73.54
7.66,0,4,94,1830,1283,63,79,49,93,3,42,89,73.23
7.7,2,1,71,1616,1455,50,52,50,81,4,46,80,67.68
8.19,0,4,58,1960,1786,65,62,57,70,0,75,84,79.13
8.63,0,1,34,1987,918,90,98,73,67,2,74,78,79.68
9.88,0,3,32,882,1474,73,55,78,98,0,54,81,69.97
7.58,1,0,33,1896,1650,67,69,80,94,5,79,48,69.34
6.61,3,3,47,2060,1903,42,43,81,97,1,42,61,53.93
8.98,2,4,37,845,1318,50,79,89,67,5,68,86,73.31
6.35,2,3,30,1417,1318,77,55,62,96,0,69,44,65.94
7.19,1,3,63,1727,1021,53,70,46,86,2,78,51,68.12
5.39,3,3,27,1061,1331,90,92,98,87,3,57,40,61.22
5.13,2,4,45,975,943,65,81,78,99,0,50,83,62.28
9.81,0,5,54,1989,1280,87,64,42,93,5,82,61,82.87
9.18,2,3,82,1456,1044,60,83,51,91,0,88,77,78.71
8.48,0,1,62,1641,1262,93,51,46,74,0,77,58,78.97
7.04,1,4,39,1169,1973,95,65,88,76,0,79,55,74.13
5.87,0,3,69,853,1988,78,76,65,92,2,40,70,69.36
5.78,2,5,41,1489,1254,69,87,72,75,4,68,42,63.46
6.25,2,4,76,2164,1699,98,72,76,88,4,49,62,77.03
7.75,2,2,76,1950,2087,47,67,87,68,0,67,81,75.88
8.57,1,5,37,1166,2064,90,48,54,92,2,70,57,68.1
8.3,1,1,53,2094,1725,59,51,41,88,2,58,65,67.66
6.4,3,3,88,1443,2051,87,44,80,72,0,42,52,63.72
9.77,2,2,50,1178,1297,71,93,46,80,5,75,57,73.94
8.69,0,2,72,872,1779,61,91,71,80,5,82,42,76.46
7.77,1,4,32,1714,1362,98,93,43,64,1,54,62,75.7
8.06,2,2,84,2071,1707,46,67,59,69,0,72,42,72.54
7.1,2,1,57,1659,1086,48,95,89,65,1,80,64,67.02
6.24,1,1,41,842,1631,84,74,92,72,5,82,66,74.87
6.78,3,0,66,1176,1328,40,44,75,60,5,90,83,64.5
8.79,1,1,42,1864,1757,68,73,71,79,0,84,66,77.11
5.07,1,5,33,969,1136,47,85,67,67,1,65,78,55.28
5.58,0,2,48,1011,1670,95,73,52,69,1,55,64,64.95
5.23,0,1,43,838,1657,93,52,40,68,0,75,63,62.38
5.2,3,4,65,1168,1035,43,78,99,62,1,72,47,63.32
9.28,2,0,37,1556,1691,74,81,95,70,3,59,48,72.32
8.52,1,2,46,950,1070,98,84,74,71,5,52,85,78.01
7.37,3,0,16,1934,1058,42,87,87,69,4,72,76,64.42
5.49,0,2,77,1870,1100,93,97,69,84,2,44,69,69.17
7.46,1,4,46,1823,1861,84,53,93,84,1,76,58,74.47
7.37,2,0,65,1536,1482,79,50,75,70,1,53,55,64.24
5.87,0,3,74,2189,1775,46,81,96,95,2,66,63,66.42
7.17,0,5,74,868,1270,66,77,94,98,1,62,83,71.82
6.99,0,5,56,1098,1002,40,43,64,85,2,53,60,54.73
8.08,3,2,29,1743,1901,66,92,55,73,0,79,75,68.86
8.18,2,3,28,1601,2048,55,72,97,98,3,43,79,70.37
5.23,1,0,38,1095,1875,77,46,58,99,3,78,78,69.94
6.87,3,3,83,1002,1697,46,95,40,60,5,91,86,82.79
8.13,3,3,69,860,1557,83,80,44,63,4,58,45,76.39
7.52,3,0,27,1745,1781,62,47,90,89,1,86,44,65.36
9.28,0,4,44,1762,1632,80,76,61,71,4,93,53,76.61
8.29,2,3,52,2137,1322,98,90,63,94,0,43,84,77.49
5.81,3,3,20,1984,1471,50,49,82,72,3,69,81,66.44
5.35,1,4,58,1130,1070,81,82,84,90,0,58,89,70.15
8.21,2,3,47,1137,1072,92,96,91,97,0,70,43,80.05
5.13,1,3,73,2127,1562,72,54,76,82,1,70,47,71.46
7.93,2,3,78,2161,1352,89,77,92,63,0,48,63,79.75
9.7,1,5,17,1438,1249,75,54,75,75,3,92,50,66.42
7.88,0,1,43,1074,1393,76,44,75,66,4,52,56,63.61
6.94,3,4,57,1987,1519,80,68,43,81,3,53,89,73.18
8.22,1,3,65,1118,1927,98,58,75,88,1,94,60,85.86
7.29,2,5,85,1388,2016,56,93,91,70,3,85,65,79.5
7.73,3,4,74,1303,1818,74,90,92,92,2,93,82,81.23
9.71,3,2,40,1186,905,87,49,57,88,4,49,87,75.27
6.93,2,2,13,1669,1187,44,51,89,98,2,87,83,61.54
9.81,1,3,59,1632,2069,87,93,55,71,2,70,84,77.09
9.53,0,5,78,1814,1507,71,43,80,66,5,76,66,78.88
5.98,0,5,39,1402,1356,42,70,57,98,1,62,55,57.88
5.35,1,4,97,1490,1929,91,57,61,85,0,66,65,73.41
5.5,3,4,68,1293,1523,86,55,41,99,2,45,72,66.46
5.09,3,5,76,1289,1275,74,79,60,68,3,65,70,72.63
5.47,3,4,84,1520,1346,91,75,75,93,0,41,87,76.07
8.42,3,5,54,1896,1734,53,64,83,72,3,84,86,71.36
5.36,1,1,13,1308,2029,87,62,78,95,3,52,45,63.4
6.59,3,5,35,1189,1710,70,51,86,84,0,90,83,76.05
9.22,2,2,36,1094,2019,70,73,78,83,0,89,47,72.79
5.12,3,4,55,2192,1858,56,75,68,76,3,58,46,57.76
9.07,0,5,73,1595,1748,99,76,93,61,1,40,73,83.44
6.41,3,5,60,1664,1708,63,42,65,72,4,79,83,68.24
5.59,1,4,59,1348,1878,91,48,60,90,5,71,53,70.54
8.48,0,1,15,1448,1315,62,92,56,88,4,61,55,70.39
8.14,1,1,68,1367,1625,57,57,55,87,1,87,82,69.43
9.39,1,4,24,2010,1353,89,82,99,86,5,68,48,73.17
8.68,0,0,39,1652,1049,93,74,70,74,0,41,49,68.58
9.02,1,4,51,1569,1658,53,96,90,90,5,79,56,78.67
6.41,1,4,46,1244,1678,89,94,48,99,3,77,51,82.98
5.89,3,1,51,1162,1872,54,73,70,74,4,87,45,66.89
8.75,2,1,44,922,1662,54,80,53,92,5,94,58,66.72
9.03,1,4,96,2011,1901,45,53,88,79,3,50,82,74.15
9.95,1,4,15,1541,975,66,43,76,71,1,56,80,63.06
7.06,1,4,77,1479,1498,54,68,41,96,5,94,68,74.84
6.86,3,1,27,1219,1124,89,80,91,68,3,90,45,73.44
8.88,2,4,82,2075,1012,75,84,87,82,1,82,64,80.56
6.7,0,4,38,2158,1150,94,89,85,67,0,47,63,68.52
9.65,3,3,86,891,1740,47,54,53,91,1,61,64,70.88
9.29,3,0,68,862,1613,54,67,98,73,1,43,55,68.86
7.14,2,2,56,1311,2006,42,81,72,86,4,50,55,63.29
8.75,2,0,26,1962,1024,86,55,74,84,3,47,45,66.47
8.77,3,3,31,2008,2098,52,51,97,72,5,48,76,70.76
5.52,0,2,77,2028,1992,80,91,78,80,4,65,60,74.19
9.51,3,4,78,1571,1970,73,44,97,90,2,41,43,71.97
7.53,2,3,46,2037,1783,63,73,86,96,1,55,73,66.33
9.13,0,4,58,1055,929,79,81,90,64,2,70,67,75.86
6.6,2,1,22,934,1180,71,40,59,72,4,45,77,58.1
9.48,0,5,43,1674,1823,71,78,41,87,3,92,80,73.08
6.95,1,3,95,1621,1267,69,71,90,84,4,60,67,74.5
5.05,2,1,62,887,1394,91,65,80,94,3,65,56,72.49
9.53,2,3,96,1787,1948,88,56,58,98,3,58,53,83.97
5.46,3,3,60,2030,1617,52,87,98,66,0,67,46,68.48
6.6,2,1,12,1952,1916,40,98,76,97,1,47,61,60.35
9.75,2,2,51,1622,1505,73,66,57,91,4,53,40,68.68
9.75,1,0,41,1826,1274,54,63,55,62,3,63,68,66.33
7.87,2,4,60,1773,1538,83,74,43,98,4,87,70,82.38
8.16,1,3,94,1733,1948,53,85,51,96,4,83,69,81.77
7.24,1,4,55,920,1015,96,81,68,81,3,76,54,72.36
6.47,1,5,30,1861,947,68,93,46,67,5,65,57,58.57
6.64,1,1,53,2164,998,73,78,53,76,2,70,74,68.83
8.36,0,4,20,1807,1304,57,65,94,86,1,90,89,72.57
8.76,3,1,77,1724,1584,93,88,51,92,1,71,69,82.71
8.96,0,4,10,1444,1802,46,77,74,76,5,89,73,68.15
8.95,2,0,72,1513,1402,68,62,44,71,0,80,81,81.89
5.46,0,0,33,1659,1793,94,61,56,86,5,41,50,61.34
7.47,0,0,22,820,1157,70,43,97,67,0,64,66,62.25
5.29,2,0,20,1041,1743,64,88,81,82,0,91,63,67.8
7.75,2,0,60,1254,1020,77,98,71,88,5,83,74,75.4
7.21,2,0,26,1762,1709,53,48,49,79,1,41,78,55.74
9.44,0,1,91,1420,1877,47,43,82,75,2,81,47,75.95
6.75,0,3,95,1102,953,66,46,56,76,1,40,57,64.27
5.59,2,4,33,1602,1918,93,62,44,75,1,75,52,67.99
5.71,3,0,28,1763,1683,41,41,84,78,1,51,84,56.66
8.81,3,1,46,868,1140,56,88,81,67,5,48,63,70.52
8.09,1,1,94,1952,1382,76,63,48,97,5,75,62,80.11
5.51,2,1,17,995,1912,53,79,88,97,5,80,51,61.73
5.42,1,3,37,939,1086,64,94,72,88,1,67,88,69.26
8.5,3,4,14,1082,1555,95,70,75,95,2,77,69,78.89
5.36,1,3,26,1111,1161,69,86,75,85,0,72,70,70.34
9.11,2,2,45,1545,1852,68,70,57,90,4,81,67,73.33
8.53,2,1,28,1076,1390,59,86,48,71,0,85,61,76.25
5.41,2,2,73,860,1330,60,79,96,76,0,61,83,66.01
5.42,0,5,20,2142,1138,92,87,68,74,4,64,67,73.01
9.93,1,0,63,851,1203,61,90,89,68,1,57,52,71.42
6.87,3,0,54,952,1197,74,82,53,98,2,45,64,66.23
6.85,3,3,56,2134,975,76,73,64,71,2,57,83,72.42
9.06,3,4,21,1343,1898,55,94,54,91,0,91,85,71.9
9.74,0,2,30,1366,1541,89,63,45,84,4,55,46,69.25
9.93,0,4,20,1421,1726,97,88,95,98,3,54,84,76.16
8.77,2,3,14,2000,1182,88,99,81,77,1,87,45,72.4
6.88,3,0,90,2185,1490,82,65,68,74,0,47,63,75.64
5.42,0,4,65,1113,971,56,55,54,91,2,52,58,62.53
8.89,2,4,29,1606,1602,55,96,68,65,5,94,58,72.68
7.79,3,0,50,1647,1474,97,86,43,94,5,82,75,83.6
7.12,1,2,55,896,1899,94,52,57,93,4,46,48,64.59
9.53,2,0,21,1680,1791,41,54,89,97,4,56,87,61.45
5.56,0,4,79,2036,911,43,66,96,64,0,89,75,71.08
7.46,0,2,26,1628,1040,60,43,88,77,3,71,77,68.47
5.06,2,2,28,936,916,78,55,83,75,2,61,79,61.95
7.34,2,0,35,1829,1986,73,69,78,67,0,94,68,77.34
5.28,0,4,57,1810,1152,69,83,55,84,3,90,63,74.17
5.59,1,3,61,908,1364,45,69,50,91,4,52,87,60.16
5.59,3,4,79,1346,1275,56,75,53,85,5,86,44,67.97
8.25,1,1,64,1862,1880,78,42,42,81,1,62,81,74.8
8.73,2,5,84,1461,1419,64,61,90,90,5,93,84,84.52
7.92,1,3,42,1224,989,44,88,89,69,2,68,65,61.62
9.81,0,2,71,1429,1619,44,61,81,71,2,61,53,70.65
6.87,2,3,97,1060,1703,59,89,77,87,5,40,78,73.16
6.43,3,2,32,886,1695,55,96,84,65,5,68,68,63.75
9.34,0,2,24,1264,1529,90,89,81,79,3,87,45,76.16
6.12,0,3,36,875,2098,80,94,57,64,0,44,46,59.54
9.82,3,2,84,1270,975,76,99,97,82,4,74,76,82.35
5.06,3,2,73,1213,1825,79,88,59,68,3,94,57,76.2
9.85,1,1,90,1624,1299,48,51,97,88,1,49,62,75.35
5.22,2,4,60,1694,1869,44,94,87,75,5,58,83,66.07
9.46,3,4,62,1525,1994,81,60,64,81,1,76,77,78.38
7.64,3,5,87,1256,2047,96,95,96,67,1,46,40,78.42
9.96,2,5,91,2108,1696,41,43,77,79,3,85,43,77.22
5.37,3,1,60,2062,1094,48,70,52,73,4,74,83,71.15
7.77,3,5,56,1452,1127,82,83,43,98,2,84,86,80.96
9.85,1,3,13,1471,1360,75,70,94,96,0,52,74,73.61
7.62,0,0,16,2195,1517,61,97,53,93,2,49,62,60.02
8.15,0,0,44,1294,1944,61,62,72,70,4,41,66,63.9
8.48,0,0,57,1868,963,61,93,67,99,2,45,65,72.33
7.27,0,1,82,2070,1064,73,92,91,92,5,47,47,69.01
8.14,3,1,81,1396,926,94,59,76,90,5,75,82,80.55
7.92,2,2,54,1249,1911,68,54,47,93,3,64,55,70.54
9.51,2,0,90,1284,1184,77,62,83,66,1,83,80,85.43
5.23,1,3,90,1445,1180,98,67,73,82,4,86,42,73.86
6.4,1,5,81,1419,1737,85,55,83,66,4,79,71,72.47
9.75,3,3,28,1841,1730,72,76,44,84,2,46,44,71.85
9.45,2,5,72,1461,2087,57,60,93,62,3,85,59,72.34
7.28,2,0,47,1557,1817,46,54,44,97,2,62,53,62.66
8.1,0,0,76,1088,1123,40,56,70,79,2,58,71,63.32
6.39,3,0,68,1520,1683,72,89,84,93,4,85,65,80.78
5.94,3,1,78,1437,2069,40,76,48,89,2,61,86,64.72
7.32,0,5,22,1034,1864,63,52,81,76,1,52,45,65.73
6.77,3,1,56,1215,1849,43,58,71,69,2,60,75,65.22
7.92,3,1,70,1737,1953,43,69,72,94,1,40,79,69.92
5.39,1,4,40,1298,944,57,84,42,79,4,58,44,54.44
9.87,2,3,89,1773,1370,66,57,69,77,3,72,52,78.33
9.93,3,3,31,1433,933,82,53,89,86,5,43,71,70.12
8.49,1,2,95,1819,1552,98,75,51,95,1,81,55,91.16
7.68,2,1,52,914,1729,71,75,68,82,3,42,40,66.05
6.55,0,5,76,1731,1120,72,59,42,91,3,66,52,69.33
9.07,1,4,63,1473,1433,67,91,65,69,1,91,50,79.9
8.42,1,4,19,2057,1591,81,58,96,70,4,80,47,72.87
5.81,2,3,51,1834,1831,80,84,69,97,0,74,64,68.78
9.55,0,1,73,1005,1740,94,83,48,65,3,67,79,89.14
9.11,1,2,30,1046,1910,75,46,65,93,3,45,71,63.2
9.75,3,1,89,1557,1481,99,96,41,95,4,45,63,84.81
8.63,3,0,85,1950,2039,45,83,42,96,4,94,67,84.28
8.07,3,1,75,946,1138,55,92,85,76,2,83,53,81.06
7.09,0,0,50,917,1340,73,43,43,99,4,62,84,67.36
9.66,1,0,33,1211,1047,62,98,64,99,3,72,42,68.17
9.33,3,2,44,1162,1932,89,73,90,71,1,55,75,78.68
5.23,0,5,65,936,1287,81,41,52,80,0,63,66,64.11
5.13,3,3,39,1998,1973,63,44,78,99,2,44,59,59.56
6.88,2,1,66,2112,1815,95,94,83,78,1,80,86,81.97
9.05,1,0,56,1757,1537,88,49,74,62,0,81,54,81.12
9.94,1,1,44,818,1177,52,71,94,77,0,52,66,67.97
5.75,0,5,28,994,1888,95,81,62,78,0,86,84,70.8
7.97,0,3,17,1129,1488,57,80,48,65,5,51,80,59.68
6.9,1,5,35,974,1548,93,52,41,75,1,44,67,64.55
9.85,3,3,80,1801,1517,52,78,93,67,2,76,64,76.28
9.21,3,4,39,1248,1034,88,44,80,77,2,70,81,77.57
9.19,2,3,16,1745,1479,76,97,83,98,0,67,83,76.33
7.34,3,2,76,2177,2070,82,49,70,71,1,67,85,84.12
7.07,0,5,74,940,1389,78,49,83,69,5,69,72,72.33
6.37,0,0,45,1557,1377,81,77,86,66,0,57,85,67.35
5.28,3,4,34,1729,2082,56,66,41,60,4,83,53,58.79
9.32,0,2,46,892,1283,54,99,71,95,2,66,47,67.57
9.06,1,1,10,1038,1062,57,90,57,80,3,74,87,66.52
10.0,1,5,24,1004,1340,62,60,52,96,0,65,53,63.14
9.98,3,0,46,1359,1314,93,47,85,83,4,78,40,77.34
7.78,1,3,22,1044,1187,90,40,44,84,2,88,55,64.94
8.84,1,0,17,1631,1086,69,67,97,66,5,90,57,71.48
9.72,2,1,14,2140,2061,97,88,81,76,1,57,46,74.78
9.25,2,4,69,1724,1029,73,78,83,88,2,72,54,80.0
6.24,1,4,82,1094,1093,97,53,49,89,1,64,63,71.77
7.25,3,5,10,1439,1215,43,60,95,66,1,70,88,65.2
5.65,2,4,45,1655,1043,42,69,82,92,5,76,52,62.4
9.77,0,5,44,2105,915,46,60,64,66,5,41,48,62.11
8.03,0,5,75,816,1322,95,88,73,83,0,72,54,78.61
6.14,0,5,72,870,1144,57,48,76,70,0,78,74,61.65
8.36,3,3,32,2092,1826,81,56,69,68,2,82,63,78.95
8.09,1,2,18,2148,2030,46,44,46,71,5,82,72,61.09
6.79,0,5,43,1104,2011,79,97,45,94,4,71,55,70.43
5.57,3,5,55,1830,1028,45,96,93,63,2,57,47,64.14
8.36,2,2,87,2137,1806,61,70,94,95,3,56,68,77.21
7.6,1,0,13,1616,1786,97,91,42,87,1,73,62,76.27
8.86,2,5,39,1926,1240,40,79,52,72,1,78,84,65.84
7.6,3,3,84,1620,903,43,77,42,82,0,46,70,71.85
9.26,0,4,81,992,1205,85,82,65,78,4,81,79,85.58
7.76,0,4,12,1328,1807,88,58,96,96,5,93,88,73.8
7.8,3,1,23,970,1506,91,75,63,98,5,92,53,72.75
9.38,0,1,69,1050,1891,89,89,92,83,0,74,69,77.64
7.02,1,4,86,2030,1220,82,72,45,75,3,69,78,75.4
5.67,3,4,54,1340,1458,68,52,82,92,2,51,66,62.62
5.14,2,3,43,1215,1517,60,53,99,71,2,74,86,65.67
8.78,3,2,54,1593,1610,65,95,97,93,4,50,55,77.69
8.1,1,1,70,1967,2031,53,72,88,66,0,83,45,80.46
8.52,1,2,92,824,1430,48,68,81,70,0,43,72,70.76
6.06,3,3,25,1467,1309,98,82,51,90,3,64,83,71.79
5.68,3,4,75,1896,1717,86,88,88,88,2,87,57,79.01
5.07,0,5,49,1431,2094,51,75,75,72,0,71,55,56.99
6.75,1,2,26,1916,1392,81,97,41,90,5,59,51,64.6
7.95,3,4,43,1304,911,90,83,50,61,4,89,59,75.71
6.96,3,4,25,1135,1094,95,49,78,98,2,70,84,73.25
7.19,1,0,69,1224,1389,90,70,73,74,3,43,79,75.01
9.52,3,2,75,1298,1694,45,45,65,70,4,93,68,75.94
6.74,0,5,75,2187,1780,59,96,57,93,1,77,69,73.62
7.57,1,2,99,1746,1081,63,40,60,98,5,92,65,70.1
8.92,0,4,22,1429,1861,66,46,75,63,3,86,61,62.5
6.98,0,5,65,2022,1555,77,97,79,70,4,40,72,68.12
8.11,0,3,40,1517,1593,47,66,91,88,0,42,78,62.21
9.31,0,0,43,1138,929,40,60,85,61,1,76,86,70.44
9.75,1,4,48,1458,2019,93,67,83,75,3,61,68,82.46
5.74,0,1,76,1761,1677,88,55,61,98,0,56,61,72.79
9.63,0,1,17,1228,1343,88,95,92,72,5,53,84,73.46
7.46,3,0,96,1698,1197,63,85,98,96,1,80,52,83.24
6.29,1,3,87,938,1707,86,62,69,76,2,74,48,71.38
7.3,1,4,64,1741,1744,46,91,89,80,0,52,63,71.08
9.9,2,2,36,1341,1915,58,59,82,78,4,74,54,65.79
7.46,1,0,62,856,1453,61,77,99,66,3,82,75,70.46
6.64,1,3,48,2055,1202,96,93,69,97,1,41,52,75.75
8.17,2,2,74,1457,1320,94,64,47,67,0,86,66,80.43
6.2,1,1,26,1234,1084,99,67,73,72,2,52,83,65.64
5.38,1,1,39,1183,1367,74,44,96,96,3,90,76,70.62
5.64,1,2,62,1359,1653,69,95,86,61,3,93,46,76.91
5.64,1,0,22,993,1262,68,60,48,70,0,55,47,53.24
5.76,2,1,30,1333,1235,61,57,90,83,2,57,76,61.54
5.69,1,4,28,1317,1061,50,86,59,65,5,46,80,57.7
8.2,1,5,62,1515,2083,59,45,79,85,5,84,53,63.06
5.91,2,2,28,1550,911,68,96,64,66,1,75,51,60.5
6.73,3,2,66,984,1996,90,68,58,98,0,80,75,80.85
9.48,0,1,34,1091,1487,80,58,44,78,1,69,79,68.97
7.37,3,0,95,2158,1100,81,72,50,65,5,81,56,82.25
8.34,2,4,40,1531,1421,73,40,54,88,3,80,79,71.57
5.86,0,0,90,915,1404,40,84,47,98,1,46,68,65.95
5.96,2,3,64,1624,1687,70,42,58,61,2,54,66,60.85
5.2,2,3,32,1872,1962,69,81,62,78,4,79,40,65.9
5.84,1,5,41,1484,959,87,60,66,63,5,58,73,65.72
6.39,0,1,71,881,1477,57,74,79,65,5,82,43,65.13
5.89,1,1,83,1633,1220,94,80,71,96,2,76,63,76.1
5.44,0,1,19,1132,1822,97,79,65,87,1,41,60,63.02
5.6,2,5,81,1356,1468,56,42,66,89,0,81,72,69.94
7.3,2,3,63,1134,2001,77,64,58,66,3,87,46,73.86
6.03,3,0,61,1331,1426,53,84,89,68,4,94,40,70.06
6.82,0,5,29,1020,1423,62,77,81,84,0,52,80,61.33
7.52,1,5,41,1434,1512,64,84,68,92,0,79,42,66.94
8.45,3,0,23,1122,2079,54,94,78,60,2,80,83,70.27
5.2,3,1,59,802,1024,85,59,99,65,1,82,54,68.4
9.0,3,4,37,1005,1770,95,91,80,77,5,82,70,83.78
8.14,1,0,62,839,1179,61,83,72,69,5,94,55,75.94
5.41,3,3,33,858,1816,42,84,58,87,2,70,49,53.89
9.37,1,2,88,1750,1521,95,73,76,70,1,55,68,81.44
9.6,3,2,31,1373,1745,94,60,58,92,2,81,45,73.8
5.31,1,5,39,1443,1573,58,95,72,60,5,83,68,66.76
6.38,2,2,72,1642,2051,96,94,86,72,0,45,56,72.15
9.03,2,4,13,1945,1213,83,87,55,96,3,67,61,68.89
8.74,2,1,86,1418,1231,73,62,62,79,1,71,63,73.37
5.92,2,3,68,895,2073,74,45,46,60,4,83,56,69.83
6.05,2,4,96,2058,935,89,90,65,62,4,49,60,76.8
6.85,3,3,17,1697,1945,40,92,71,77,0,89,89,66.65
7.42,3,3,91,1885,1105,91,52,51,73,2,57,50,72.28
8.09,3,1,21,2079,1538,60,88,47,90,2,43,46,60.92
6.84,1,5,40,1360,1747,68,62,44,86,5,48,81,62.0
7.31,1,2,87,1704,1339,45,48,81,76,0,46,78,71.71
8.74,1,1,43,1147,1628,76,56,67,88,5,89,44,74.87
5.18,1,4,91,1470,2019,40,41,92,95,5,47,83,61.47
6.26,2,5,84,1947,1840,90,58,44,96,4,82,87,81.19
8.57,2,4,85,1116,1063,40,58,88,85,5,46,60,69.18
9.48,2,5,58,1518,1047,66,95,65,76,5,80,57,75.37
7.56,0,4,88,1871,1193,60,46,44,81,4,79,74,68.25
7.66,3,1,66,1959,1094,92,93,61,84,2,42,59,70.39
5.54,1,5,35,2024,1562,55,81,54,61,1,56,54,63.42
7.24,1,5,27,1049,1379,83,81,52,81,3,41,44,61.16
7.66,2,3,95,1113,1022,98,98,67,64,5,54,52,81.76
6.21,1,3,47,2191,1598,93,59,72,63,1,85,51,71.78
6.35,1,0,90,1606,1864,79,48,82,95,4,68,60,70.74
6.89,3,4,96,2137,1560,65,56,62,65,1,89,76,76.48
5.1,2,3,97,2178,2027,55,66,72,80,3,87,45,68.89
6.61,3,0,59,1284,1609,67,86,82,72,1,91,46,76.26
6.06,0,3,17,2034,1295,40,41,57,96,1,61,65,56.41
6.64,0,4,50,843,1811,75,75,89,84,1,43,81,67.7
5.6,0,5,15,1370,1904,49,58,92,85,1,91,87,57.99
9.45,2,2,78,1382,2065,82,56,69,98,0,45,47,76.88
7.97,1,4,53,1915,1216,56,44,65,79,5,77,48,69.65
8.4,2,1,73,2088,1580,96,78,55,92,4,65,66,85.1
8.95,2,3,38,1694,1394,98,57,52,73,3,50,43,70.39
7.49,1,3,37,1019,1455,62,92,78,95,4,65,60,66.52
5.43,3,5,20,1724,1509,46,93,72,76,0,56,70,59.21
7.69,0,1,74,1200,1008,83,98,65,80,0,63,60,79.67
7.93,3,5,28,1526,1271,92,46,87,75,0,67,79,74.74
8.73,0,1,18,1790,1754,46,56,40,75,5,74,64,60.39
7.16,2,2,36,1698,1515,83,78,88,79,0,70,78,73.01
5.64,0,3,43,1657,1667,54,75,77,88,1,52,54,58.28
6.42,2,3,53,1603,1105,73,79,41,87,4,93,74,69.91
6.82,3,2,77,1289,1746,85,84,88,67,2,74,88,86.52
8.23,2,0,91,1737,942,84,43,45,83,3,55,82,73.9
7.85,3,5,24,1643,1764,43,77,85,62,0,54,80,65.73
6.78,1,2,60,2092,1684,53,64,89,84,4,82,76,69.98
9.93,1,5,22,1066,1375,53,44,77,78,0,57,81,62.61
8.03,1,4,92,853,982,55,69,81,92,5,86,86,77.14
6.19,2,3,58,1327,2033,46,51,63,61,0,76,67,65.99
5.51,1,5,79,1415,1089,71,43,57,74,0,87,53,67.3
5.76,0,1,65,1882,1699,58,63,66,81,0,87,43,63.56
6.23,3,5,85,1863,1835,41,68,80,69,0,88,59,72.26
5.8,3,4,60,2060,1150,49,48,47,77,3,80,73,62.47
5.93,0,3,46,1754,1190,89,43,67,81,4,66,51,69.73
6.43,2,2,26,1185,1225,56,90,49,86,5,94,72,65.75
5.87,2,4,67,1533,1736,76,63,56,72,0,74,63,69.02
9.48,3,3,96,1515,1407,51,53,94,92,0,91,59,86.38
5.4,1,5,99,1449,1630,45,44,68,64,0,84,44,68.32
7.62,2,0,38,1099,971,61,57,97,85,0,93,77,67.79
7.05,2,0,42,1194,1540,71,81,45,72,1,74,69,67.05
9.91,0,1,69,2030,1839,80,96,53,86,1,67,63,83.93
5.56,0,3,98,2159,1507,59,58,61,73,2,78,82,73.83
6.99,1,0,64,1392,1465,40,51,93,83,0,77,79,69.66
9.85,2,2,19,1313,953,93,57,45,62,2,48,46,64.44
9.33,2,3,56,2001,1427,86,56,65,89,3,51,75,78.22
9.09,0,2,32,1195,1510,92,69,78,94,2,54,77,66.68
6.29,2,2,94,1170,1092,97,63,51,73,4,60,55,74.49
5.85,3,0,30,1657,957,45,50,74,71,1,91,54,57.83
8.34,0,3,22,1590,2034,58,74,53,87,1,74,85,67.11
9.65,1,5,42,1457,1028,57,62,61,88,0,81,62,69.76
7.78,0,4,33,2141,1605,45,56,90,76,0,72,51,66.42
7.86,2,0,20,1535,1751,84,40,62,99,3,90,68,67.03
6.4,1,0,26,2192,907,72,54,87,80,5,58,83,57.98
8.85,0,5,77,1183,928,62,71,46,82,3,94,87,74.96
5.94,3,3,56,861,2035,62,99,79,79,4,62,54,71.59
6.62,3,3,34,1304,1846,65,48,89,70,0,52,68,58.06
7.13,0,2,82,1038,1030,52,54,64,93,0,83,84,68.83
7.54,3,5,30,994,1087,46,67,52,69,3,40,82,60.46
6.21,3,5,93,1477,1608,54,63,60,69,3,90,88,76.26
5.57,3,3,92,2045,1111,83,99,80,65,3,68,60,82.84
8.05,1,2,92,860,1175,66,74,49,95,1,63,54,66.27
6.44,3,0,21,1952,1996,65,61,92,83,2,55,53,61.71
7.91,3,1,46,1789,1142,72,66,94,71,2,64,81,77.49
5.77,3,4,51,1484,2025,54,58,98,82,0,94,83,68.23
7.41,1,0,26,955,1886,75,84,48,86,1,62,55,68.61
7.66,0,3,57,1722,1584,84,51,54,96,3,67,54,69.82
5.26,2,4,37,1667,1070,94,59,91,65,0,86,81,74.1
6.68,3,1,50,1702,1552,66,40,41,60,1,55,43,64.46
5.67,0,1,56,1798,1087,96,60,64,65,4,82,66,74.1
5.32,3,2,27,1774,2009,44,88,52,81,5,77,62,59.93
9.95,1,4,87,2030,951,41,84,73,83,1,50,68,75.65
6.61,0,2,80,1187,1010,94,40,90,84,0,42,80,69.23
9.05,1,0,22,1686,1776,97,49,97,74,2,54,48,71.69
6.27,3,5,91,1637,1966,72,86,73,85,3,40,82,71.99
8.41,3,5,22,2163,1110,55,98,74,67,5,46,82,67.85
8.8,1,5,40,1139,1757,62,98,77,83,4,40,46,70.11
7.98,2,4,11,1003,1526,77,71,42,97,5,88,81,68.67
7.36,1,5,25,960,1949,94,78,81,65,5,71,43,73.67
7.06,3,0,18,1191,1198,55,99,95,94,1,48,44,69.63
6.74,1,2,82,1568,2000,53,61,98,60,0,68,44,69.53
9.65,2,4,47,1374,1823,68,57,45,95,0,65,50,71.89
9.15,1,2,84,1333,1036,65,87,94,71,5,62,80,81.27
9.83,2,4,63,1893,1943,74,85,87,97,3,84,67,85.41
5.62,2,2,65,1692,1339,54,71,88,70,0,82,55,70.52
8.65,1,1,95,1204,1110,42,66,58,71,5,68,80,72.03
9.69,1,2,96,1407,1651,62,67,42,98,0,91,69,80.16
5.91,0,5,54,1627,1334,68,57,57,66,3,77,43,59.26
5.33,3,1,43,1943,1679,73,98,78,70,4,72,41,68.03
8.71,2,2,18,1489,1338,72,78,48,95,5,46,85,69.48
7.87,0,4,97,1701,1565,80,88,91,90,2,51,42,75.2
9.21,1,4,17,2040,1965,80,68,51,92,2,70,89,74.97
5.7,3,4,16,855,1310,62,57,44,72,5,71,60,56.21
8.98,0,3,45,1165,1705,46,83,42,77,1,93,45,66.64
6.01,2,0,27,1254,1509,42,47,50,83,4,59,82,49.69
5.82,0,4,12,903,1326,97,93,96,68,1,94,57,75.29
5.82,2,1,37,876,1801,71,70,69,90,2,90,83,71.55
9.07,1,4,79,1029,1841,70,73,43,69,3,56,44,80.48
8.33,3,3,53,2081,1641,57,46,44,61,5,75,48,71.04
7.62,3,5,30,2087,1227,82,75,40,97,0,42,59,69.99
6.79,3,1,37,1130,951,46,57,66,74,2,40,67,50.44
9.39,1,3,63,2005,1275,80,99,67,62,4,89,65,79.09
6.96,2,5,63,1692,1162,40,77,68,90,2,66,57,64.9
9.08,1,1,74,1487,1166,53,98,57,65,4,92,58,74.47
7.2,3,2,30,826,1258,91,48,51,62,4,86,42,65.17
6.88,1,0,22,2099,1551,71,98,52,70,5,79,48,75.69
7.31,1,0,66,1098,945,45,48,80,74,4,72,75,68.78
6.51,1,3,58,1756,1499,78,85,41,87,1,59,70,67.92
8.74,2,5,63,1598,1619,49,47,76,69,3,53,88,62.32
7.51,0,0,19,1914,1500,46,90,84,97,2,75,56,60.89
6.16,0,5,62,1279,1280,65,74,55,66,3,44,62,61.02
9.5,1,5,53,1372,1017,73,57,87,74,0,62,73,72.51
6.92,0,3,56,1257,1015,69,44,63,77,2,84,80,64.9
7.72,0,3,62,1164,1159,75,53,74,77,3,54,80,72.88
9.53,1,3,83,1658,1998,60,67,61,83,3,45,44,70.09
8.12,1,0,55,1150,1204,99,69,75,61,5,72,54,78.29
5.58,3,3,22,1052,906,56,43,50,99,5,94,86,60.74
9.7,0,0,46,1580,1265,72,78,94,79,0,58,42,74.61
8.14,2,3,33,1602,1422,49,59,97,93,4,52,58,61.71
6.67,1,4,11,1811,1328,90,64,85,85,2,68,67,64.54
5.7,3,5,95,1258,1690,86,67,68,66,5,45,42,69.5
8.97,2,3,90,1716,1646,81,51,74,97,2,54,77,78.21
8.1,0,1,23,1298,1266,90,41,87,89,0,55,43,69.97
7.67,3,5,19,1749,1212,51,82,93,64,5,63,63,64.64
9.47,1,5,44,1307,1437,95,53,54,70,5,62,70,74.84
8.94,2,3,34,2127,1820,55,61,99,60,4,87,84,78.02
5.76,1,2,12,1300,1977,80,70,70,93,2,49,84,62.62
6.56,0,3,26,1602,1764,71,62,81,60,2,93,50,70.52
6.24,2,5,21,1397,2087,54,87,80,78,2,80,76,65.58
8.72,0,1,63,965,1681,66,59,82,61,4,80,40,69.96
5.17,0,5,33,1261,1233,67,77,55,80,5,88,48,59.19
7.85,3,1,38,1719,1697,56,94,49,79,0,56,56,72.33
8.81,1,0,52,913,1247,85,43,88,82,2,88,40,72.93
9.38,2,4,34,1791,1172,98,54,71,80,3,83,42,72.46
6.71,0,5,69,2179,1862,89,63,90,83,4,84,86,82.24
9.11,0,3,99,1006,1619,97,64,41,63,1,69,65,81.07
5.55,2,0,74,2058,1399,41,40,63,71,0,83,70,63.75
9.23,0,4,93,2178,2016,75,46,62,81,3,85,65,83.68
5.64,3,3,37,1314,1584,89,96,41,79,2,49,62,71.69
6.99,3,2,25,2031,978,46,70,77,77,1,94,69,66.6
8.99,3,3,56,1508,1521,52,51,70,60,0,58,49,64.4
5.75,3,1,90,1948,1846,54,81,90,89,4,68,47,70.87
6.15,0,1,67,937,1257,64,44,79,92,1,41,83,64.31
8.61,2,2,85,1138,1517,62,83,65,83,5,75,64,72.0
8.6,2,0,36,1336,1406,99,89,68,73,1,58,61,72.86
8.21,2,4,62,867,1475,61,81,42,95,3,46,54,66.74
8.47,2,3,51,1182,1143,65,77,97,64,0,65,80,68.42
7.71,1,1,68,818,1405,72,99,53,70,3,54,49,69.58
6.26,2,0,56,1482,1321,50,51,64,83,3,86,59,63.19
6.73,1,2,43,873,2010,49,78,87,90,2,77,80,70.31
5.91,1,5,46,1372,1116,64,57,40,72,4,42,86,58.85
9.54,3,1,15,1738,1908,76,41,92,75,1,77,62,75.33
7.92,1,2,16,2099,2092,87,49,42,83,0,55,40,64.01
7.0,0,3,34,1871,1229,82,54,93,72,5,41,41,67.33
7.31,1,4,42,1010,1549,92,69,65,83,4,70,58,67.23
9.74,3,1,64,1654,1290,77,83,57,85,4,67,53,83.22
5.77,1,1,67,1450,1280,80,97,48,61,0,46,47,66.02
7.93,0,3,16,1793,1641,84,56,77,75,4,69,77,73.85
7.53,0,5,66,1494,1719,63,43,62,97,2,82,51,72.34
8.06,0,0,21,1339,1572,79,46,60,60,4,46,65,53.34
5.09,3,4,25,2014,1412,85,80,96,70,2,75,66,71.37
9.36,3,1,89,2138,1848,95,70,40,94,1,68,68,89.53
9.66,2,4,52,1700,1829,72,90,60,88,1,63,54,80.41
7.83,3,1,86,1579,1812,56,99,66,96,3,91,85,79.86
8.48,0,4,16,1936,1543,63,98,81,76,2,78,40,70.24
9.61,0,2,60,969,1326,76,94,98,98,5,43,82,77.55
8.54,3,1,82,1837,1401,96,78,45,87,1,68,67,84.8
5.76,1,4,41,1087,1629,41,94,94,88,4,83,42,65.55
7.88,3,0,84,988,970,71,73,83,62,0,44,57,75.2
8.03,3,2,17,1713,1377,96,45,75,69,0,94,73,73.17
7.12,0,2,96,1978,1356,99,89,67,73,2,68,71,85.45
8.68,2,0,98,1493,1088,63,77,84,71,5,69,68,80.0
9.67,0,4,81,1687,1190,48,84,56,89,3,68,64,73.93
9.63,2,3,54,1270,1819,43,97,98,91,4,65,65,73.56
7.25,0,0,95,1898,1191,56,90,79,91,2,58,78,76.17
5.57,3,4,68,1076,1655,56,73,97,91,0,65,47,64.3
9.92,0,0,13,1739,1276,92,83,91,85,2,76,58,78.92
9.19,0,0,76,2166,2079,89,54,42,60,4,66,86,85.88
5.62,0,1,38,1370,1407,87,53,51,61,5,69,81,63.73
9.6,3,4,38,1656,1427,69,45,78,76,5,90,61,78.32
9.35,3,3,37,1800,1458,79,89,51,89,1,92,68,77.66
7.59,3,1,86,2005,1954,97,76,41,98,4,69,72,86.79
7.96,3,0,88,1257,1159,50,89,95,66,1,42,77,77.05
7.0,2,5,96,1717,1320,60,71,85,86,1,82,84,79.24
5.27,2,0,53,1632,1203,60,42,61,68,1,46,85,57.38
6.68,1,0,99,1887,1841,57,42,62,81,2,88,74,73.7
9.01,3,4,13,1638,1962,94,61,69,93,0,48,82,73.51
5.02,2,4,99,2083,1441,68,61,44,60,5,92,42,78.73
6.67,0,1,18,992,1989,63,49,48,68,2,80,58,54.62
6.99,3,3,14,1415,1007,49,90,60,79,0,81,49,61.57
7.69,1,1,65,1205,1167,84,42,50,78,5,52,66,68.01
9.6,1,2,93,1742,1121,56,51,44,95,4,54,54,70.01
6.73,1,0,59,1520,2013,57,68,74,99,5,93,50,70.48
6.73,0,5,84,892,1592,81,87,66,63,5,44,86,72.8
8.69,2,0,24,1229,1154,87,56,88,68,5,68,65,74.58
7.26,0,0,41,1453,1152,59,46,41,81,3,74,63,65.76
6.12,3,1,37,1233,1156,76,52,63,77,4,66,52,62.98
7.26,1,5,31,1935,1282,84,95,70,71,2,66,71,72.48
5.7,0,5,26,1174,1341,57,41,72,98,2,47,76,52.6
5.88,0,5,68,1882,1498,56,43,78,68,0,71,43,63.34
7.49,2,1,99,1866,2013,48,49,69,65,2,59,52,76.13
7.09,2,0,80,1006,1289,53,78,85,78,1,49,48,66.26
9.57,1,1,66,1579,1481,88,63,76,66,5,52,88,77.44
6.81,0,4,35,2119,1967,68,56,90,75,2,68,73,67.05
7.9,0,4,34,1941,1497,70,91,67,64,0,74,76,75.19
8.16,2,1,19,1331,918,43,45,99,75,0,93,87,63.21
5.07,0,5,54,2045,2024,57,58,70,60,1,47,46,58.63
8.32,0,0,92,965,1506,98,44,50,96,0,68,40,77.5
5.89,0,1,20,1442,932,59,71,62,98,3,70,51,55.2
9.81,2,1,86,1979,1761,95,49,96,78,5,80,60,82.41
5.74,1,1,62,2007,1054,95,48,41,96,5,69,50,65.39
7.07,3,2,81,889,1804,86,66,79,76,5,61,83,75.8
5.43,1,4,77,1917,1304,82,52,80,85,4,60,83,71.57
9.98,3,5,37,812,1743,83,58,66,81,2,51,83,73.9
7.51,0,3,84,1772,2084,48,60,74,67,3,50,53,69.9
7.98,1,5,74,1604,1646,52,63,41,92,2,41,73,62.58
5.34,3,3,58,1744,2040,54,77,78,61,3,89,73,73.53
8.75,2,2,56,1541,1170,66,43,76,89,2,80,64,70.91
6.05,2,1,61,1675,1669,54,63,60,79,1,41,43,54.13
9.49,1,2,97,1973,1071,67,98,97,77,0,73,65,85.66
6.03,1,2,63,1459,1173,76,74,44,69,0,42,55,67.82
5.95,0,0,69,1831,1158,94,42,91,83,1,55,49,71.58
5.18,1,4,66,1852,2058,58,43,84,63,3,90,84,70.35
7.36,0,3,56,1095,1321,65,96,60,96,4,43,41,67.48
7.82,0,1,40,1785,1263,91,76,68,63,3,62,74,74.21
5.33,2,3,55,1725,1277,65,79,59,72,0,89,58,71.86
8.88,2,5,35,1439,1479,64,87,77,84,4,59,45,63.56
7.27,3,3,14,1139,1790,65,93,59,72,2,64,58,60.9
7.62,2,5,93,1427,1621,65,74,89,77,4,69,47,78.37
7.2,2,4,61,1238,1780,85,70,64,83,3,57,53,76.25
7.0,1,5,84,1967,2021,67,95,41,61,1,81,49,78.33
7.8,2,3,63,1741,1504,88,83,96,92,2,50,42,73.45
5.78,3,3,42,1629,921,57,64,71,78,3,68,77,61.16
5.91,1,5,59,1318,2095,71,79,65,68,2,56,68,67.6
9.31,3,2,47,1775,1282,92,52,45,87,4,65,54,77.92
9.73,2,4,36,1868,1033,42,43,80,94,0,62,62,62.83
6.87,3,0,24,1754,1948,41,85,96,98,3,91,62,70.74
6.35,1,1,70,2062,1402,72,53,42,69,1,87,57,73.14
8.22,0,3,30,1751,2008,81,52,72,60,4,59,85,75.95
7.04,3,1,55,1743,1043,58,66,40,80,3,84,58,68.6
5.13,3,0,78,954,1123,56,45,90,68,1,41,67,60.52
5.78,1,1,15,2004,1119,83,56,44,74,3,63,65,64.2
8.58,1,0,47,2038,1078,72,75,52,94,4,70,49,68.04
8.29,3,5,71,887,1332,51,79,58,64,3,66,86,71.34
5.14,2,2,95,2079,1164,88,88,51,81,2,41,43,66.38
6.11,3,3,71,1896,1853,95,74,87,82,4,53,41,70.91
6.16,1,0,91,1730,1328,42,56,64,66,3,43,42,66.21
8.36,0,1,87,978,1315,82,80,96,82,0,88,46,83.43
5.1,0,3,83,1011,1626,88,41,90,84,3,52,55,63.31
5.52,2,2,55,2057,1096,94,96,74,86,2,75,70,80.53
9.0,3,5,22,1264,1976,65,52,51,65,1,74,49,63.92
5.89,0,3,12,2046,1379,74,91,69,93,1,83,58,67.95
8.26,3,0,15,1430,1789,47,41,44,68,1,93,67,64.94
6.19,1,2,17,1624,1824,91,91,73,92,0,94,56,77.97
5.5,0,1,53,2087,1022,75,67,61,65,2,47,67,62.05
6.22,2,2,42,2030,1677,92,82,78,96,4,41,58,67.38
8.61,1,2,90,1406,1247,93,98,52,90,1,45,76,73.81
9.28,2,4,84,1684,928,46,65,96,93,2,70,62,74.22
9.15,1,2,86,1165,1874,85,61,86,88,3,93,59,87.2
6.99,0,2,59,1075,934,85,86,93,73,0,49,52,72.23
8.34,2,3,20,1179,1522,75,82,42,95,2,83,52,72.79
6.02,2,1,37,2132,1488,55,94,99,95,2,60,82,69.25
6.47,1,3,79,2091,2070,63,42,92,74,4,81,50,73.68
9.48,2,3,50,1744,1990,93,74,59,67,2,49,87,80.13
5.07,1,0,25,1887,1803,40,99,70,85,4,62,54,59.99
5.43,1,3,77,1609,1419,88,97,44,95,0,42,56,67.56
6.04,1,4,57,2173,1021,64,51,63,80,0,71,89,63.89
5.13,1,4,65,1724,1239,49,63,79,87,3,59,67,59.55
5.91,0,0,73,1293,1074,93,44,93,63,4,49,58,68.94
7.92,1,5,68,1921,1496,55,59,72,75,4,68,43,64.47
7.11,3,1,99,1894,1350,55,78,47,81,1,80,61,74.41
9.46,2,1,71,1163,1456,97,78,63,71,1,91,61,84.1
9.09,3,3,85,1369,2059,47,52,89,75,3,90,76,81.78
6.71,0,3,20,1562,1939,68,80,59,99,0,85,78,70.5
6.3,3,5,98,1075,908,78,96,99,97,5,73,73,81.38
6.9,2,3,27,849,1233,67,92,55,96,1,76,72,68.32
7.95,3,1,28,2181,1916,45,84,89,88,2,59,83,70.21
6.34,0,2,96,1527,1226,55,51,91,77,0,47,81,67.3
8.12,1,4,64,1705,914,59,52,51,69,5,46,79,64.3
7.05,3,2,91,1727,1738,55,95,52,98,2,45,72,77.84
7.76,0,2,35,1363,1125,46,49,84,77,4,50,51,49.18
7.18,0,1,15,1582,1012,80,72,81,60,0,83,41,63.37
6.47,2,2,13,1284,900,53,96,78,98,3,57,67,59.0
9.74,2,5,38,1907,1165,82,79,64,80,4,90,49,79.9
8.82,3,0,68,1383,1851,65,93,85,60,4,81,61,84.01
5.7,1,3,26,2119,1205,65,55,71,74,2,68,56,65.87
9.34,0,0,52,1035,911,53,84,63,63,4,64,65,68.35
7.44,3,4,89,855,1836,46,74,87,79,1,60,42,69.19
9.47,0,3,75,1159,1319,72,42,86,69,0,85,46,76.48
9.0,0,2,43,909,1788,65,95,83,82,1,42,83,69.5
7.13,1,4,17,991,1070,96,44,48,93,2,57,47,57.13
5.11,1,3,22,1703,1033,84,65,79,92,5,63,59,61.8
6.34,3,5,17,1916,1864,59,50,89,93,2,86,51,65.78
7.71,1,5,74,1661,1948,42,46,62,98,0,77,74,68.56
8.17,1,5,52,1367,2064,91,92,89,69,4,49,56,77.54
6.29,3,5,48,1883,1557,43,95,52,79,3,66,67,59.85
5.7,1,2,90,1449,2015,65,49,99,60,2,51,80,70.88
9.17,2,0,68,838,1078,50,81,98,72,0,46,49,66.96
9.92,0,3,93,1872,1979,41,91,71,60,3,56,61,73.02
7.63,0,2,97,1436,2078,53,73,89,64,4,40,77,74.86
5.86,0,5,95,1836,1010,83,42,54,75,5,89,72,81.25
6.36,0,0,95,835,1036,69,47,75,74,2,65,61,71.78
5.09,3,4,53,900,1131,88,70,88,87,5,54,83,72.25
9.57,0,4,18,1909,1891,51,50,44,90,0,90,76,70.08
5.59,0,4,46,2046,1367,65,84,61,82,5,72,52,67.3
7.88,0,5,83,2161,1631,83,46,55,76,5,76,66,72.35
6.37,0,4,45,965,1380,72,84,80,93,0,86,54,68.9
7.77,2,1,37,1182,1991,52,41,49,72,0,70,61,63.51
8.26,0,3,51,2199,1713,53,45,63,73,2,74,69,69.84
9.15,2,3,52,1589,1893,63,80,57,70,5,40,82,75.53
6.03,3,5,94,830,1222,73,71,88,87,3,47,79,69.72
5.05,1,1,97,2198,1821,83,59,57,91,0,51,76,75.61
5.68,0,2,51,810,1803,65,96,46,94,4,93,73,67.19
9.5,1,2,75,2125,1505,60,73,43,90,5,58,83,75.82
9.37,1,4,64,895,1328,67,89,65,76,0,64,73,75.55
7.99,3,0,81,2013,1047,87,55,44,68,3,71,87,82.79
8.0,1,2,57,1252,2041,75,64,99,69,2,51,74,75.27
8.33,2,0,31,991,1749,79,51,94,67,5,52,81,69.65
5.88,1,3,36,1285,1266,41,46,55,80,0,67,58,47.71
9.57,1,0,76,2089,1749,81,78,74,72,0,40,47,78.45
7.09,1,3,22,1951,1989,48,56,65,64,4,90,78,64.81
6.92,0,1,54,1037,1712,62,84,57,65,4,45,72,69.21
7.59,0,1,19,2178,1074,54,50,68,89,5,47,83,62.54
5.23,2,5,18,1935,1487,52,45,62,90,0,43,67,49.34
5.83,2,5,63,2166,1394,62,62,92,76,5,44,76,68.38
8.69,0,4,36,1968,1872,56,66,53,70,0,64,87,71.02
5.41,2,2,43,1888,2037,87,85,54,79,4,61,64,71.86
8.02,0,4,10,2070,2034,99,45,88,68,3,67,75,73.2
6.23,3,3,41,1534,2070,41,77,72,61,1,78,56,66.01
6.95,1,4,98,1790,934,59,41,64,96,1,62,63,73.75
6.44,1,0,80,1624,1898,59,61,60,60,0,43,60,64.12
6.78,2,3,76,905,1437,98,59,56,63,4,91,41,73.98
8.6,0,5,93,980,1649,85,64,62,95,2,43,70,78.71
6.49,0,1,29,983,1937,42,54,96,84,2,86,83,57.32
7.83,2,5,44,1025,1273,94,99,82,62,1,60,72,78.82
7.38,0,2,99,1576,1456,51,88,56,68,3,76,69,77.2
8.32,3,3,87,1589,1132,79,68,97,81,1,80,51,74.15
9.68,1,3,26,1912,1604,41,47,53,82,0,41,83,58.88
8.66,2,0,27,1487,1462,75,76,68,71,3,46,51,71.0
6.07,2,2,54,1329,1838,53,88,59,69,2,88,88,67.55
5.16,0,1,93,2194,1786,55,91,69,93,4,55,63,70.97
6.31,2,3,62,1771,1625,58,72,58,69,4,56,63,63.1
7.98,3,3,91,1735,975,73,61,92,89,0,59,50,73.55
5.26,0,0,77,905,1338,83,89,78,81,1,62,52,76.2
7.48,0,4,74,2094,1598,85,86,95,65,0,73,66,81.71
7.98,0,1,10,1630,1814,45,44,52,61,4,50,47,54.1
6.67,0,5,67,1478,1790,52,78,57,89,2,73,49,66.49
8.85,3,2,35,1648,1591,75,57,62,61,4,72,47,65.68
5.53,0,3,29,1855,1152,61,77,85,91,3,65,59,57.67
5.38,2,3,96,1192,2049,57,93,72,75,5,41,47,71.33
8.64,3,5,19,839,1960,51,92,78,71,4,62,48,65.09
7.48,1,1,68,1459,1309,91,76,79,60,4,80,46,75.24
8.44,1,4,84,2041,1026,98,69,57,67,5,61,53,79.85
7.17,2,3,50,1780,2091,93,90,48,72,3,73,67,80.22
6.23,2,1,14,1905,1491,69,70,72,74,1,54,41,60.32
9.1,3,5,74,1644,1193,92,49,71,67,4,49,82,76.56
9.0,1,0,26,1000,1919,90,54,93,69,0,54,47,64.36
8.47,1,4,31,1246,1209,79,81,56,64,4,81,52,69.83
6.36,1,2,50,1861,1561,46,98,58,78,0,68,60,68.99
7.95,1,3,77,2034,1427,71,87,66,97,3,62,86,81.54
6.8,1,1,78,1243,1439,87,83,45,70,4,56,67,75.45
5.46,0,0,20,2150,1318,58,57,74,79,3,48,74,55.94
9.59,2,2,65,1560,1343,45,62,95,79,3,89,62,73.69
5.68,0,1,60,1026,1584,59,72,76,80,1,75,85,67.67
9.75,1,1,30,847,1739,66,55,73,77,4,48,54,66.97
7.23,3,2,85,1841,1135,92,93,59,69,0,55,41,80.69
